
  <DataBase>
    <NoSqlDb>
      <Name>
        NOSQL Data Base
      </Name>
      <Category>
        In Memory Db
      </Category>
      <DateAdded>
        Tue Feb  7 18:19:31 2017
      </DateAdded>
      <Data>
        Stores Key Value Pair
      </Data>
      <Children>
       persist
       Queries
       XMLDocument
      </Children>
    </NoSqlDB>
    <Persist>
      <Name>
        PersistDB
      </Name>
      <Category>
        backup
      </Category>
      <DateAdded>
        Tue Feb  7 18:19:31 2017
      </DateAdded>
      <Data>
        store db structure as XML
      </Data>
      <Children>
      </Children>
    </Persist>
    <Queries>
      <Name>
        QueryManager
      </Name>
      <Category>
        query the database
      </Category>
      <DateAdded>
        Tue Feb  7 18:19:31 2017
      </DateAdded>
      <Data>
        Get result from dataBase
      </Data>
      <Children>
      </Children>
    </Queries>
    <XmlDocument>
      <Name>
        XMLDoc
      </Name>
      <Category>
        help create xml patterns
      </Category>
      <DateAdded>
        Tue Feb  7 18:19:31 2017
      </DateAdded>
      <Data>
        generate xml file
      </Data>
      <Children>
      </Children>
    </XMLDocument>
  </DataBase>